<?xml version="1.0" encoding="UTF-8"?>
<project-private xmlns="http://www.netbeans.org/ns/project-private/1">
    <editor-bookmarks xmlns="http://www.netbeans.org/ns/editor-bookmarks/2" lastBookmarkId="0"/>
    <open-files xmlns="http://www.netbeans.org/ns/projectui-open-files/2">
        <group>
            <file>file:/E:/Google%20Drive/OnlineTutor/CourseHero/JAVA/Draw/DrawShape/src/drawshape/DrawFrame.java</file>
            <file>file:/E:/Google%20Drive/OnlineTutor/CourseHero/JAVA/Draw/DrawShape/src/drawshape/ButtonPanel.java</file>
            <file>file:/E:/Google%20Drive/OnlineTutor/CourseHero/JAVA/Draw/DrawShape/src/drawshape/Shape.java</file>
            <file>file:/E:/Google%20Drive/OnlineTutor/CourseHero/JAVA/Draw/DrawShape/src/drawshape/DrawPanel.java</file>
        </group>
    </open-files>
</project-private>
